{"airfield-15":{"x":0,"y":0,"width":42,"height":42,"pixelRatio":2,"visible":true},"airport-15":{"x":42,"y":0,"width":42,"height":42,"pixelRatio":2,"visible":true},"alcohol-shop-15":{"x":0,"y":42,"width":42,"height":42,"pixelRatio":2,"visible":true},"american-football-15":{"x":42,"y":42,"width":42,"height":42,"pixelRatio":2,"visible":true},"amusement-park-15":{"x":84,"y":0,"width":42,"height":42,"pixelRatio":2,"visible":true},"aquarium-15":{"x":126,"y":0,"width":42,"height":42,"pixelRatio":2,"visible":true},"art-gallery-15":{"x":84,"y":42,"width":42,"height":42,"pixelRatio":2,"visible":true},"attraction-15":{"x":126,"y":42,"width":42,"height":42,"pixelRatio":2,"visible":true},"bakery-15":{"x":0,"y":84,"width":42,"height":42,"pixelRatio":2,"visible":true},"bank-15":{"x":42,"y":84,"width":42,"height":42,"pixelRatio":2,"visible":true},"bar-15":{"x":84,"y":84,"width":42,"height":42,"pixelRatio":2,"visible":true},"basketball-15":{"x":126,"y":84,"width":42,"height":42,"pixelRatio":2,"visible":true},"beach-15":{"x":0,"y":126,"width":42,"height":42,"pixelRatio":2,"visible":true},"beer-15":{"x":42,"y":126,"width":42,"height":42,"pixelRatio":2,"visible":true},"bicycle-15":{"x":84,"y":126,"width":42,"height":42,"pixelRatio":2,"visible":true},"bowling-alley-15":{"x":126,"y":126,"width":42,"height":42,"pixelRatio":2,"visible":true},"bridge-15":{"x":168,"y":0,"width":42,"height":42,"pixelRatio":2,"visible":true},"cafe-15":{"x":210,"y":0,"width":42,"height":42,"pixelRatio":2,"visible":true},"campsite-15":{"x":252,"y":0,"width":42,"height":42,"pixelRatio":2,"visible":true},"car-15":{"x":294,"y":0,"width":42,"height":42,"pixelRatio":2,"visible":true},"car-rental-15":{"x":168,"y":42,"width":42,"height":42,"pixelRatio":2,"visible":true},"car-repair-15":{"x":210,"y":42,"width":42,"height":42,"pixelRatio":2,"visible":true},"casino-15":{"x":252,"y":42,"width":42,"height":42,"pixelRatio":2,"visible":true},"castle-15":{"x":294,"y":42,"width":42,"height":42,"pixelRatio":2,"visible":true},"cemetery-15":{"x":168,"y":84,"width":42,"height":42,"pixelRatio":2,"visible":true},"charging-station-15":{"x":210,"y":84,"width":42,"height":42,"pixelRatio":2,"visible":true},"cinema-15":{"x":252,"y":84,"width":42,"height":42,"pixelRatio":2,"visible":true},"clothing-store-15":{"x":294,"y":84,"width":42,"height":42,"pixelRatio":2,"visible":true},"college-15":{"x":168,"y":126,"width":42,"height":42,"pixelRatio":2,"visible":true},"communications-tower-15":{"x":210,"y":126,"width":42,"height":42,"pixelRatio":2,"visible":true},"confectionery-15":{"x":252,"y":126,"width":42,"height":42,"pixelRatio":2,"visible":true},"convenience-15":{"x":294,"y":126,"width":42,"height":42,"pixelRatio":2,"visible":true},"dentist-15":{"x":0,"y":168,"width":42,"height":42,"pixelRatio":2,"visible":true},"doctor-15":{"x":42,"y":168,"width":42,"height":42,"pixelRatio":2,"visible":true},"dog-park-15":{"x":84,"y":168,"width":42,"height":42,"pixelRatio":2,"visible":true},"drinking-water-15":{"x":126,"y":168,"width":42,"height":42,"pixelRatio":2,"visible":true},"embassy-15":{"x":168,"y":168,"width":42,"height":42,"pixelRatio":2,"visible":true},"farm-15":{"x":210,"y":168,"width":42,"height":42,"pixelRatio":2,"visible":true},"fast-food-15":{"x":252,"y":168,"width":42,"height":42,"pixelRatio":2,"visible":true},"fire-station-15":{"x":294,"y":168,"width":42,"height":42,"pixelRatio":2,"visible":true},"fitness-centre-15":{"x":0,"y":210,"width":42,"height":42,"pixelRatio":2,"visible":true},"fuel-15":{"x":42,"y":210,"width":42,"height":42,"pixelRatio":2,"visible":true},"furniture-15":{"x":84,"y":210,"width":42,"height":42,"pixelRatio":2,"visible":true},"garden-15":{"x":126,"y":210,"width":42,"height":42,"pixelRatio":2,"visible":true},"globe-15":{"x":168,"y":210,"width":42,"height":42,"pixelRatio":2,"visible":true},"golf-15":{"x":210,"y":210,"width":42,"height":42,"pixelRatio":2,"visible":true},"grocery-15":{"x":252,"y":210,"width":42,"height":42,"pixelRatio":2,"visible":true},"harbor-15":{"x":294,"y":210,"width":42,"height":42,"pixelRatio":2,"visible":true},"hardware-15":{"x":0,"y":252,"width":42,"height":42,"pixelRatio":2,"visible":true},"heliport-15":{"x":42,"y":252,"width":42,"height":42,"pixelRatio":2,"visible":true},"horse-riding-15":{"x":84,"y":252,"width":42,"height":42,"pixelRatio":2,"visible":true},"hospital-15":{"x":126,"y":252,"width":42,"height":42,"pixelRatio":2,"visible":true},"ice-cream-15":{"x":168,"y":252,"width":42,"height":42,"pixelRatio":2,"visible":true},"information-15":{"x":210,"y":252,"width":42,"height":42,"pixelRatio":2,"visible":true},"jewelry-store-15":{"x":252,"y":252,"width":42,"height":42,"pixelRatio":2,"visible":true},"laundry-15":{"x":294,"y":252,"width":42,"height":42,"pixelRatio":2,"visible":true},"library-15":{"x":0,"y":294,"width":42,"height":42,"pixelRatio":2,"visible":true},"lodging-15":{"x":42,"y":294,"width":42,"height":42,"pixelRatio":2,"visible":true},"mobile-phone-15":{"x":84,"y":294,"width":42,"height":42,"pixelRatio":2,"visible":true},"monument-15":{"x":126,"y":294,"width":42,"height":42,"pixelRatio":2,"visible":true},"mountain-15":{"x":168,"y":294,"width":42,"height":42,"pixelRatio":2,"visible":true},"museum-15":{"x":210,"y":294,"width":42,"height":42,"pixelRatio":2,"visible":true},"music-15":{"x":252,"y":294,"width":42,"height":42,"pixelRatio":2,"visible":true},"optician-15":{"x":294,"y":294,"width":42,"height":42,"pixelRatio":2,"visible":true},"park-15":{"x":336,"y":0,"width":42,"height":42,"pixelRatio":2,"visible":true},"parking-15":{"x":378,"y":0,"width":42,"height":42,"pixelRatio":2,"visible":true},"parking-garage-15":{"x":420,"y":0,"width":42,"height":42,"pixelRatio":2,"visible":true},"pharmacy-15":{"x":462,"y":0,"width":42,"height":42,"pixelRatio":2,"visible":true},"picnic-site-15":{"x":504,"y":0,"width":42,"height":42,"pixelRatio":2,"visible":true},"pitch-15":{"x":546,"y":0,"width":42,"height":42,"pixelRatio":2,"visible":true},"place-of-worship-15":{"x":588,"y":0,"width":42,"height":42,"pixelRatio":2,"visible":true},"playground-15":{"x":630,"y":0,"width":42,"height":42,"pixelRatio":2,"visible":true},"police-15":{"x":336,"y":42,"width":42,"height":42,"pixelRatio":2,"visible":true},"post-15":{"x":378,"y":42,"width":42,"height":42,"pixelRatio":2,"visible":true},"prison-15":{"x":420,"y":42,"width":42,"height":42,"pixelRatio":2,"visible":true},"ranger-station-15":{"x":462,"y":42,"width":42,"height":42,"pixelRatio":2,"visible":true},"religious-buddhist-15":{"x":504,"y":42,"width":42,"height":42,"pixelRatio":2,"visible":true},"religious-christian-15":{"x":546,"y":42,"width":42,"height":42,"pixelRatio":2,"visible":true},"religious-jewish-15":{"x":588,"y":42,"width":42,"height":42,"pixelRatio":2,"visible":true},"religious-muslim-15":{"x":630,"y":42,"width":42,"height":42,"pixelRatio":2,"visible":true},"restaurant-15":{"x":336,"y":84,"width":42,"height":42,"pixelRatio":2,"visible":true},"restaurant-noodle-15":{"x":378,"y":84,"width":42,"height":42,"pixelRatio":2,"visible":true},"restaurant-pizza-15":{"x":420,"y":84,"width":42,"height":42,"pixelRatio":2,"visible":true},"restaurant-seafood-15":{"x":462,"y":84,"width":42,"height":42,"pixelRatio":2,"visible":true},"rocket-15":{"x":504,"y":84,"width":42,"height":42,"pixelRatio":2,"visible":true},"school-15":{"x":546,"y":84,"width":42,"height":42,"pixelRatio":2,"visible":true},"shoe-15":{"x":588,"y":84,"width":42,"height":42,"pixelRatio":2,"visible":true},"shop-15":{"x":630,"y":84,"width":42,"height":42,"pixelRatio":2,"visible":true},"skateboard-15":{"x":336,"y":126,"width":42,"height":42,"pixelRatio":2,"visible":true},"slipway-15":{"x":378,"y":126,"width":42,"height":42,"pixelRatio":2,"visible":true},"stadium-15":{"x":420,"y":126,"width":42,"height":42,"pixelRatio":2,"visible":true},"suitcase-15":{"x":462,"y":126,"width":42,"height":42,"pixelRatio":2,"visible":true},"swimming-15":{"x":504,"y":126,"width":42,"height":42,"pixelRatio":2,"visible":true},"table-tennis-15":{"x":546,"y":126,"width":42,"height":42,"pixelRatio":2,"visible":true},"tennis-15":{"x":588,"y":126,"width":42,"height":42,"pixelRatio":2,"visible":true},"theatre-15":{"x":630,"y":126,"width":42,"height":42,"pixelRatio":2,"visible":true},"toilet-15":{"x":336,"y":168,"width":42,"height":42,"pixelRatio":2,"visible":true},"town-hall-15":{"x":378,"y":168,"width":42,"height":42,"pixelRatio":2,"visible":true},"veterinary-15":{"x":420,"y":168,"width":42,"height":42,"pixelRatio":2,"visible":true},"viewpoint-15":{"x":462,"y":168,"width":42,"height":42,"pixelRatio":2,"visible":true},"volcano-15":{"x":504,"y":168,"width":42,"height":42,"pixelRatio":2,"visible":true},"volleyball-15":{"x":546,"y":168,"width":42,"height":42,"pixelRatio":2,"visible":true},"watch-15":{"x":588,"y":168,"width":42,"height":42,"pixelRatio":2,"visible":true},"waterfall-15":{"x":630,"y":168,"width":42,"height":42,"pixelRatio":2,"visible":true},"watermill-15":{"x":336,"y":210,"width":42,"height":42,"pixelRatio":2,"visible":true},"windmill-15":{"x":378,"y":210,"width":42,"height":42,"pixelRatio":2,"visible":true},"zoo-15":{"x":420,"y":210,"width":42,"height":42,"pixelRatio":2,"visible":true},"marker-11":{"x":462,"y":210,"width":24,"height":40,"pixelRatio":2,"visible":true},"marker-15":{"x":486,"y":210,"width":24,"height":40,"pixelRatio":2,"visible":true},"airfield-11":{"x":510,"y":210,"width":34,"height":34,"pixelRatio":2,"visible":true},"airport-11":{"x":544,"y":210,"width":34,"height":34,"pixelRatio":2,"visible":true},"alcohol-shop-11":{"x":578,"y":210,"width":34,"height":34,"pixelRatio":2,"visible":true},"american-football-11":{"x":612,"y":210,"width":34,"height":34,"pixelRatio":2,"visible":true},"amusement-park-11":{"x":336,"y":252,"width":34,"height":34,"pixelRatio":2,"visible":true},"aquarium-11":{"x":370,"y":252,"width":34,"height":34,"pixelRatio":2,"visible":true},"art-gallery-11":{"x":404,"y":252,"width":34,"height":34,"pixelRatio":2,"visible":true},"attraction-11":{"x":438,"y":252,"width":34,"height":34,"pixelRatio":2,"visible":true},"bakery-11":{"x":472,"y":252,"width":34,"height":34,"pixelRatio":2,"visible":true},"bank-11":{"x":506,"y":252,"width":34,"height":34,"pixelRatio":2,"visible":true},"bar-11":{"x":540,"y":252,"width":34,"height":34,"pixelRatio":2,"visible":true},"basketball-11":{"x":574,"y":252,"width":34,"height":34,"pixelRatio":2,"visible":true},"beach-11":{"x":608,"y":252,"width":34,"height":34,"pixelRatio":2,"visible":true},"beer-11":{"x":336,"y":294,"width":34,"height":34,"pixelRatio":2,"visible":true},"bicycle-11":{"x":370,"y":294,"width":34,"height":34,"pixelRatio":2,"visible":true},"bicycle-share":{"x":404,"y":294,"width":34,"height":34,"pixelRatio":2,"visible":true},"bowling-alley-11":{"x":438,"y":294,"width":34,"height":34,"pixelRatio":2,"visible":true},"bridge-11":{"x":472,"y":294,"width":34,"height":34,"pixelRatio":2,"visible":true},"bus":{"x":506,"y":294,"width":34,"height":34,"pixelRatio":2,"visible":true},"cafe-11":{"x":540,"y":294,"width":34,"height":34,"pixelRatio":2,"visible":true},"campsite-11":{"x":574,"y":294,"width":34,"height":34,"pixelRatio":2,"visible":true},"car-11":{"x":608,"y":294,"width":34,"height":34,"pixelRatio":2,"visible":true},"car-rental-11":{"x":0,"y":336,"width":34,"height":34,"pixelRatio":2,"visible":true},"car-repair-11":{"x":34,"y":336,"width":34,"height":34,"pixelRatio":2,"visible":true},"casino-11":{"x":68,"y":336,"width":34,"height":34,"pixelRatio":2,"visible":true},"castle-11":{"x":102,"y":336,"width":34,"height":34,"pixelRatio":2,"visible":true},"cemetery-11":{"x":136,"y":336,"width":34,"height":34,"pixelRatio":2,"visible":true},"charging-station-11":{"x":170,"y":336,"width":34,"height":34,"pixelRatio":2,"visible":true},"cinema-11":{"x":204,"y":336,"width":34,"height":34,"pixelRatio":2,"visible":true},"clothing-store-11":{"x":238,"y":336,"width":34,"height":34,"pixelRatio":2,"visible":true},"college-11":{"x":272,"y":336,"width":34,"height":34,"pixelRatio":2,"visible":true},"communications-tower-11":{"x":306,"y":336,"width":34,"height":34,"pixelRatio":2,"visible":true},"confectionery-11":{"x":340,"y":336,"width":34,"height":34,"pixelRatio":2,"visible":true},"convenience-11":{"x":374,"y":336,"width":34,"height":34,"pixelRatio":2,"visible":true},"dentist-11":{"x":408,"y":336,"width":34,"height":34,"pixelRatio":2,"visible":true},"doctor-11":{"x":442,"y":336,"width":34,"height":34,"pixelRatio":2,"visible":true},"dog-park-11":{"x":476,"y":336,"width":34,"height":34,"pixelRatio":2,"visible":true},"drinking-water-11":{"x":510,"y":336,"width":34,"height":34,"pixelRatio":2,"visible":true},"embassy-11":{"x":544,"y":336,"width":34,"height":34,"pixelRatio":2,"visible":true},"entrance":{"x":578,"y":336,"width":34,"height":34,"pixelRatio":2,"visible":true},"farm-11":{"x":612,"y":336,"width":34,"height":34,"pixelRatio":2,"visible":true},"fast-food-11":{"x":0,"y":370,"width":34,"height":34,"pixelRatio":2,"visible":true},"ferry":{"x":34,"y":370,"width":34,"height":34,"pixelRatio":2,"visible":true},"fire-station-11":{"x":68,"y":370,"width":34,"height":34,"pixelRatio":2,"visible":true},"fitness-centre-11":{"x":102,"y":370,"width":34,"height":34,"pixelRatio":2,"visible":true},"fuel-11":{"x":136,"y":370,"width":34,"height":34,"pixelRatio":2,"visible":true},"furniture-11":{"x":170,"y":370,"width":34,"height":34,"pixelRatio":2,"visible":true},"garden-11":{"x":204,"y":370,"width":34,"height":34,"pixelRatio":2,"visible":true},"globe-11":{"x":238,"y":370,"width":34,"height":34,"pixelRatio":2,"visible":true},"golf-11":{"x":272,"y":370,"width":34,"height":34,"pixelRatio":2,"visible":true},"grocery-11":{"x":306,"y":370,"width":34,"height":34,"pixelRatio":2,"visible":true},"harbor-11":{"x":340,"y":370,"width":34,"height":34,"pixelRatio":2,"visible":true},"hardware-11":{"x":374,"y":370,"width":34,"height":34,"pixelRatio":2,"visible":true},"heliport-11":{"x":408,"y":370,"width":34,"height":34,"pixelRatio":2,"visible":true},"horse-riding-11":{"x":442,"y":370,"width":34,"height":34,"pixelRatio":2,"visible":true},"hospital-11":{"x":476,"y":370,"width":34,"height":34,"pixelRatio":2,"visible":true},"ice-cream-11":{"x":510,"y":370,"width":34,"height":34,"pixelRatio":2,"visible":true},"information-11":{"x":544,"y":370,"width":34,"height":34,"pixelRatio":2,"visible":true},"jewelry-store-11":{"x":578,"y":370,"width":34,"height":34,"pixelRatio":2,"visible":true},"laundry-11":{"x":612,"y":370,"width":34,"height":34,"pixelRatio":2,"visible":true},"library-11":{"x":0,"y":404,"width":34,"height":34,"pixelRatio":2,"visible":true},"lodging-11":{"x":34,"y":404,"width":34,"height":34,"pixelRatio":2,"visible":true},"mobile-phone-11":{"x":68,"y":404,"width":34,"height":34,"pixelRatio":2,"visible":true},"monument-11":{"x":102,"y":404,"width":34,"height":34,"pixelRatio":2,"visible":true},"mountain-11":{"x":136,"y":404,"width":34,"height":34,"pixelRatio":2,"visible":true},"museum-11":{"x":170,"y":404,"width":34,"height":34,"pixelRatio":2,"visible":true},"music-11":{"x":204,"y":404,"width":34,"height":34,"pixelRatio":2,"visible":true},"optician-11":{"x":238,"y":404,"width":34,"height":34,"pixelRatio":2,"visible":true},"park-11":{"x":272,"y":404,"width":34,"height":34,"pixelRatio":2,"visible":true},"parking-11":{"x":306,"y":404,"width":34,"height":34,"pixelRatio":2,"visible":true},"parking-garage-11":{"x":340,"y":404,"width":34,"height":34,"pixelRatio":2,"visible":true},"pharmacy-11":{"x":374,"y":404,"width":34,"height":34,"pixelRatio":2,"visible":true},"picnic-site-11":{"x":408,"y":404,"width":34,"height":34,"pixelRatio":2,"visible":true},"pitch-11":{"x":442,"y":404,"width":34,"height":34,"pixelRatio":2,"visible":true},"place-of-worship-11":{"x":476,"y":404,"width":34,"height":34,"pixelRatio":2,"visible":true},"playground-11":{"x":510,"y":404,"width":34,"height":34,"pixelRatio":2,"visible":true},"police-11":{"x":544,"y":404,"width":34,"height":34,"pixelRatio":2,"visible":true},"post-11":{"x":578,"y":404,"width":34,"height":34,"pixelRatio":2,"visible":true},"prison-11":{"x":612,"y":404,"width":34,"height":34,"pixelRatio":2,"visible":true},"rail":{"x":0,"y":438,"width":34,"height":34,"pixelRatio":2,"visible":true},"rail-light":{"x":34,"y":438,"width":34,"height":34,"pixelRatio":2,"visible":true},"rail-metro":{"x":68,"y":438,"width":34,"height":34,"pixelRatio":2,"visible":true},"ranger-station-11":{"x":102,"y":438,"width":34,"height":34,"pixelRatio":2,"visible":true},"religious-buddhist-11":{"x":136,"y":438,"width":34,"height":34,"pixelRatio":2,"visible":true},"religious-christian-11":{"x":170,"y":438,"width":34,"height":34,"pixelRatio":2,"visible":true},"religious-jewish-11":{"x":204,"y":438,"width":34,"height":34,"pixelRatio":2,"visible":true},"religious-muslim-11":{"x":238,"y":438,"width":34,"height":34,"pixelRatio":2,"visible":true},"restaurant-11":{"x":272,"y":438,"width":34,"height":34,"pixelRatio":2,"visible":true},"restaurant-noodle-11":{"x":306,"y":438,"width":34,"height":34,"pixelRatio":2,"visible":true},"restaurant-pizza-11":{"x":340,"y":438,"width":34,"height":34,"pixelRatio":2,"visible":true},"restaurant-seafood-11":{"x":374,"y":438,"width":34,"height":34,"pixelRatio":2,"visible":true},"rocket-11":{"x":408,"y":438,"width":34,"height":34,"pixelRatio":2,"visible":true},"school-11":{"x":442,"y":438,"width":34,"height":34,"pixelRatio":2,"visible":true},"shoe-11":{"x":476,"y":438,"width":34,"height":34,"pixelRatio":2,"visible":true},"shop-11":{"x":510,"y":438,"width":34,"height":34,"pixelRatio":2,"visible":true},"skateboard-11":{"x":544,"y":438,"width":34,"height":34,"pixelRatio":2,"visible":true},"slipway-11":{"x":578,"y":438,"width":34,"height":34,"pixelRatio":2,"visible":true},"stadium-11":{"x":612,"y":438,"width":34,"height":34,"pixelRatio":2,"visible":true},"suitcase-11":{"x":0,"y":472,"width":34,"height":34,"pixelRatio":2,"visible":true},"swimming-11":{"x":34,"y":472,"width":34,"height":34,"pixelRatio":2,"visible":true},"table-tennis-11":{"x":68,"y":472,"width":34,"height":34,"pixelRatio":2,"visible":true},"tennis-11":{"x":102,"y":472,"width":34,"height":34,"pixelRatio":2,"visible":true},"theatre-11":{"x":136,"y":472,"width":34,"height":34,"pixelRatio":2,"visible":true},"toilet-11":{"x":170,"y":472,"width":34,"height":34,"pixelRatio":2,"visible":true},"town-hall-11":{"x":204,"y":472,"width":34,"height":34,"pixelRatio":2,"visible":true},"veterinary-11":{"x":238,"y":472,"width":34,"height":34,"pixelRatio":2,"visible":true},"viewpoint-11":{"x":272,"y":472,"width":34,"height":34,"pixelRatio":2,"visible":true},"volcano-11":{"x":306,"y":472,"width":34,"height":34,"pixelRatio":2,"visible":true},"volleyball-11":{"x":340,"y":472,"width":34,"height":34,"pixelRatio":2,"visible":true},"watch-11":{"x":374,"y":472,"width":34,"height":34,"pixelRatio":2,"visible":true},"waterfall-11":{"x":408,"y":472,"width":34,"height":34,"pixelRatio":2,"visible":true},"watermill-11":{"x":442,"y":472,"width":34,"height":34,"pixelRatio":2,"visible":true},"windmill-11":{"x":476,"y":472,"width":34,"height":34,"pixelRatio":2,"visible":true},"zoo-11":{"x":510,"y":472,"width":34,"height":34,"pixelRatio":2,"visible":true},"border-dot-13":{"x":646,"y":336,"width":26,"height":26,"pixelRatio":2,"visible":true},"dot-10":{"x":646,"y":370,"width":22,"height":22,"pixelRatio":2,"visible":true},"dot-11":{"x":646,"y":404,"width":22,"height":22,"pixelRatio":2,"visible":true},"dot-9":{"x":646,"y":438,"width":22,"height":22,"pixelRatio":2,"visible":true}}